-- phpMyAdmin SQL Dump
-- version 4.9.5
-- https://www.phpmyadmin.net/
--
-- Host: localhost:3306
-- Generation Time: May 05, 2021 at 02:02 PM
-- Server version: 5.7.23-23
-- PHP Version: 7.3.27

SET SQL_MODE = "NO_AUTO_VALUE_ON_ZERO";
SET AUTOCOMMIT = 0;
START TRANSACTION;
SET time_zone = "+00:00";


/*!40101 SET @OLD_CHARACTER_SET_CLIENT=@@CHARACTER_SET_CLIENT */;
/*!40101 SET @OLD_CHARACTER_SET_RESULTS=@@CHARACTER_SET_RESULTS */;
/*!40101 SET @OLD_COLLATION_CONNECTION=@@COLLATION_CONNECTION */;
/*!40101 SET NAMES utf8mb4 */;

--
-- Database: `error_school`
--

-- --------------------------------------------------------

--
-- Table structure for table `academic_syllabus`
--

CREATE TABLE `academic_syllabus` (
  `academic_syllabus_id` int(11) NOT NULL,
  `academic_syllabus_code` longtext COLLATE utf8_unicode_ci,
  `title` longtext COLLATE utf8_unicode_ci,
  `description` longtext COLLATE utf8_unicode_ci,
  `class_id` int(11) DEFAULT NULL,
  `uploader_type` longtext COLLATE utf8_unicode_ci,
  `uploader_id` int(11) DEFAULT NULL,
  `year` longtext COLLATE utf8_unicode_ci,
  `timestamp` longtext COLLATE utf8_unicode_ci,
  `file_name` longtext COLLATE utf8_unicode_ci,
  `subject_id` int(11) DEFAULT NULL
) ENGINE=InnoDB DEFAULT CHARSET=utf8 COLLATE=utf8_unicode_ci;

-- --------------------------------------------------------

--
-- Table structure for table `accountant`
--

CREATE TABLE `accountant` (
  `accountant_id` int(11) NOT NULL,
  `name` longtext COLLATE utf8_unicode_ci,
  `email` longtext COLLATE utf8_unicode_ci,
  `password` longtext COLLATE utf8_unicode_ci
) ENGINE=InnoDB DEFAULT CHARSET=utf8 COLLATE=utf8_unicode_ci;

--
-- Dumping data for table `accountant`
--

INSERT INTO `accountant` (`accountant_id`, `name`, `email`, `password`) VALUES
(1, 'jeevan ', 'jeevan@gmail.com', '3c1452513861b0c25b72c04aae37b6b5fdff3b3e');

-- --------------------------------------------------------

--
-- Table structure for table `admin`
--

CREATE TABLE `admin` (
  `admin_id` int(11) NOT NULL,
  `name` longtext COLLATE utf8_unicode_ci,
  `email` longtext COLLATE utf8_unicode_ci,
  `password` longtext COLLATE utf8_unicode_ci,
  `level` longtext COLLATE utf8_unicode_ci,
  `authentication_key` longtext COLLATE utf8_unicode_ci,
  `phone` longtext COLLATE utf8_unicode_ci,
  `address` longtext COLLATE utf8_unicode_ci
) ENGINE=InnoDB DEFAULT CHARSET=utf8 COLLATE=utf8_unicode_ci;

--
-- Dumping data for table `admin`
--

INSERT INTO `admin` (`admin_id`, `name`, `email`, `password`, `level`, `authentication_key`, `phone`, `address`) VALUES
(1, 'admin', 'admin@gmail.com', '7c4a8d09ca3762af61e59520943dc26494f8941b', NULL, NULL, NULL, NULL);

-- --------------------------------------------------------

--
-- Table structure for table `attendance`
--

CREATE TABLE `attendance` (
  `attendance_id` int(11) NOT NULL,
  `timestamp` longtext COLLATE utf8_unicode_ci,
  `year` longtext COLLATE utf8_unicode_ci,
  `class_id` int(11) DEFAULT NULL,
  `section_id` int(11) DEFAULT NULL,
  `student_id` int(11) DEFAULT NULL,
  `class_routine_id` int(11) DEFAULT NULL,
  `status` int(11) DEFAULT NULL
) ENGINE=InnoDB DEFAULT CHARSET=utf8 COLLATE=utf8_unicode_ci;

--
-- Dumping data for table `attendance`
--

INSERT INTO `attendance` (`attendance_id`, `timestamp`, `year`, `class_id`, `section_id`, `student_id`, `class_routine_id`, `status`) VALUES
(1, '1619546400', '2020-2021', 1, 1, 1, NULL, 1),
(2, '1619546400', '2020-2021', 1, 1, 2, NULL, 1);

-- --------------------------------------------------------

--
-- Table structure for table `book`
--

CREATE TABLE `book` (
  `book_id` int(11) NOT NULL,
  `name` longtext COLLATE utf8_unicode_ci,
  `description` longtext COLLATE utf8_unicode_ci,
  `author` longtext COLLATE utf8_unicode_ci,
  `class_id` longtext COLLATE utf8_unicode_ci,
  `price` longtext COLLATE utf8_unicode_ci,
  `total_copies` int(11) DEFAULT NULL,
  `issued_copies` int(11) DEFAULT NULL,
  `status` longtext COLLATE utf8_unicode_ci,
  `file_name` longtext COLLATE utf8_unicode_ci
) ENGINE=InnoDB DEFAULT CHARSET=utf8 COLLATE=utf8_unicode_ci;

-- --------------------------------------------------------

--
-- Table structure for table `book_request`
--

CREATE TABLE `book_request` (
  `book_request_id` int(11) NOT NULL,
  `book_id` int(11) DEFAULT NULL,
  `student_id` int(11) DEFAULT NULL,
  `issue_start_date` longtext COLLATE utf8_unicode_ci,
  `issue_end_date` longtext COLLATE utf8_unicode_ci,
  `status` int(11) DEFAULT NULL
) ENGINE=InnoDB DEFAULT CHARSET=utf8 COLLATE=utf8_unicode_ci;

-- --------------------------------------------------------

--
-- Table structure for table `ci_sessions`
--

CREATE TABLE `ci_sessions` (
  `id` varchar(40) COLLATE utf8_unicode_ci NOT NULL,
  `ip_address` varchar(45) COLLATE utf8_unicode_ci NOT NULL,
  `timestamp` int(10) UNSIGNED NOT NULL DEFAULT '0',
  `data` blob NOT NULL
) ENGINE=InnoDB DEFAULT CHARSET=utf8 COLLATE=utf8_unicode_ci;

--
-- Dumping data for table `ci_sessions`
--

INSERT INTO `ci_sessions` (`id`, `ip_address`, `timestamp`, `data`) VALUES
('004782c566be7b0e9441fcb967f6d483e76647ef', '203.192.203.67', 1619532984, 0x5f5f63695f6c6173745f726567656e65726174657c693a313631393533323935353b),
('05a9d610fd6e5af8d0adb18418e2778eef9bb9e3', '202.133.49.196', 1619532853, 0x5f5f63695f6c6173745f726567656e65726174657c693a313631393533323835333b),
('0f2a8e2c34651a0314ee2d0c9acbf06b1db2c68a', '106.193.26.15', 1619508468, 0x5f5f63695f6c6173745f726567656e65726174657c693a313631393530383436383b),
('15b8bb1b39d0c1a7507c1a43a033bbffde263ae2', '202.133.49.196', 1619583632, 0x5f5f63695f6c6173745f726567656e65726174657c693a313631393538333633323b),
('18db8ae39a409b0652b69341c84d33996cff03c7', '106.193.26.15', 1619503531, 0x5f5f63695f6c6173745f726567656e65726174657c693a313631393530333533313b),
('247f66b1ba66eaa7f3bb56b2eea01f565a6aaf59', '157.45.251.3', 1619501410, 0x5f5f63695f6c6173745f726567656e65726174657c693a313631393530313431303b),
('2739223baf25c1de4d41a4bada322cbc8a70c3c4', '66.249.73.34', 1619683131, 0x5f5f63695f6c6173745f726567656e65726174657c693a313631393638333133313b),
('3a3d60c9bed10047e9bfdb2d8169177375111bd5', '106.193.26.15', 1619502560, 0x5f5f63695f6c6173745f726567656e65726174657c693a313631393530323536303b61646d696e5f6c6f67696e7c733a313a2231223b61646d696e5f69647c733a313a2231223b6c6f67696e5f757365725f69647c733a313a2231223b6e616d657c733a353a2261646d696e223b6c6f67696e5f747970657c733a353a2261646d696e223b),
('3e1287897f6d0944b294a0e3f537fb4f32f7fdf0', '183.83.162.14', 1619528544, 0x5f5f63695f6c6173745f726567656e65726174657c693a313631393532383534343b),
('478c203452a7d25ce64cd295d662f13b672268b2', '157.47.23.228', 1619533051, 0x5f5f63695f6c6173745f726567656e65726174657c693a313631393533333030313b746561636865725f6c6f67696e7c733a313a2231223b746561636865725f69647c733a313a2231223b6c6f67696e5f757365725f69647c733a313a2231223b6e616d657c733a373a2273687275746869223b6c6f67696e5f747970657c733a373a2274656163686572223b),
('5da3999f045c8a9dc6755a0677a57079de817b4e', '203.192.203.67', 1619581494, 0x5f5f63695f6c6173745f726567656e65726174657c693a313631393538313439343b61646d696e5f6c6f67696e7c733a313a2231223b61646d696e5f69647c733a313a2231223b6c6f67696e5f757365725f69647c733a313a2231223b6e616d657c733a353a2261646d696e223b6c6f67696e5f747970657c733a353a2261646d696e223b666c6173685f6d6573736167657c733a31363a2253747564656e7420496d706f72746564223b5f5f63695f766172737c613a313a7b733a31333a22666c6173685f6d657373616765223b733a333a226f6c64223b7d),
('5e1eb4b405c62f1a3af462f076d2ea0f8aa26336', '106.76.41.145', 1620134667, 0x5f5f63695f6c6173745f726567656e65726174657c693a313632303133343635303b),
('6d565acf1a8b8fca0bbcf6ff707f537eb2df2644', '203.192.203.67', 1619581802, 0x5f5f63695f6c6173745f726567656e65726174657c693a313631393538313830323b61646d696e5f6c6f67696e7c733a313a2231223b61646d696e5f69647c733a313a2231223b6c6f67696e5f757365725f69647c733a313a2231223b6e616d657c733a353a2261646d696e223b6c6f67696e5f747970657c733a353a2261646d696e223b),
('72063cbf0b855358396cff1f0ef0feaa47f291e6', '106.193.26.15', 1619502882, 0x5f5f63695f6c6173745f726567656e65726174657c693a313631393530323838323b61646d696e5f6c6f67696e7c733a313a2231223b61646d696e5f69647c733a313a2231223b6c6f67696e5f757365725f69647c733a313a2231223b6e616d657c733a353a2261646d696e223b6c6f67696e5f747970657c733a353a2261646d696e223b),
('756e6ee966d0f1baa2b3daf0479cfa45f85dd01c', '106.193.26.15', 1619502240, 0x5f5f63695f6c6173745f726567656e65726174657c693a313631393530323234303b61646d696e5f6c6f67696e7c733a313a2231223b61646d696e5f69647c733a313a2231223b6c6f67696e5f757365725f69647c733a313a2231223b6e616d657c733a353a2261646d696e223b6c6f67696e5f747970657c733a353a2261646d696e223b),
('8760a17057121d8be107b19906163999f23bfc30', '42.105.122.9', 1619503538, 0x5f5f63695f6c6173745f726567656e65726174657c693a313631393530333533303b),
('8e6300574f79418c161c8b86a1d847bac443a334', '106.193.26.15', 1619503544, 0x5f5f63695f6c6173745f726567656e65726174657c693a313631393530333534343b73747564656e745f6c6f67696e7c733a313a2231223b73747564656e745f69647c733a313a2231223b6c6f67696e5f757365725f69647c733a313a2231223b6e616d657c733a393a22507265657468752050223b6c6f67696e5f747970657c733a373a2273747564656e74223b),
('9d043aa22b4fd4000517a72187110fad8e8dea30', '66.249.73.32', 1619651513, 0x5f5f63695f6c6173745f726567656e65726174657c693a313631393635313531333b),
('a62aa42a0a250a7994b181e0f2c5d4a5bf8a4ca9', '203.192.203.67', 1619582490, 0x5f5f63695f6c6173745f726567656e65726174657c693a313631393538323439303b),
('a6dbcc545b8e89724766bc08cf5df5085d8c0ac8', '106.193.26.15', 1619501799, 0x5f5f63695f6c6173745f726567656e65726174657c693a313631393530313739393b),
('a77b7f1a7aa626b4b73b886cef5700f712f3f81f', '42.105.122.184', 1619503558, 0x5f5f63695f6c6173745f726567656e65726174657c693a313631393530333535383b),
('ab39b359689a031fd19b101e611b241c9562a6dc', '203.192.203.67', 1619531993, 0x5f5f63695f6c6173745f726567656e65726174657c693a313631393533313939333b746561636865725f6c6f67696e7c733a313a2231223b746561636865725f69647c733a313a2231223b6c6f67696e5f757365725f69647c733a313a2231223b6e616d657c733a373a2273687275746869223b6c6f67696e5f747970657c733a373a2274656163686572223b),
('b4bd31a3f7255a3e4ecadf4d9f5e54d677fefc7d', '106.193.26.15', 1619508468, 0x5f5f63695f6c6173745f726567656e65726174657c693a313631393530383436383b),
('c49ec197b7f4f000903adaa9fde171f9deb091c2', '157.48.208.7', 1619527569, 0x5f5f63695f6c6173745f726567656e65726174657c693a313631393532373536393b),
('c57f362750ca1b463a054b0ed2db0bcb734b370c', '106.193.26.15', 1619503552, 0x5f5f63695f6c6173745f726567656e65726174657c693a313631393530333535323b),
('c638f822ac33465cb0901b31d2cff2edf913efe1', '42.105.122.163', 1619499421, 0x5f5f63695f6c6173745f726567656e65726174657c693a313631393439393432313b61646d696e5f6c6f67696e7c733a313a2231223b61646d696e5f69647c733a313a2231223b6c6f67696e5f757365725f69647c733a313a2231223b6e616d657c733a353a2261646d696e223b6c6f67696e5f747970657c733a353a2261646d696e223b),
('cfeddf462f690a73a1fc49029b1ee1223e03c35c', '42.105.126.9', 1619503487, 0x5f5f63695f6c6173745f726567656e65726174657c693a313631393530333438373b),
('d9515684c324c9d71cfb6c073ed968b0947c34b2', '202.133.49.196', 1619532853, 0x5f5f63695f6c6173745f726567656e65726174657c693a313631393533323835333b),
('ddc2e71eb0850f94703edc99a9b5acb6c4357609', '42.105.122.184', 1619501704, 0x5f5f63695f6c6173745f726567656e65726174657c693a313631393530313730343b),
('eae9c3a417684178f5adaff175d8c80974ebd7b4', '203.192.203.67', 1619532721, 0x5f5f63695f6c6173745f726567656e65726174657c693a313631393533323732313b61646d696e5f6c6f67696e7c733a313a2231223b61646d696e5f69647c733a313a2231223b6c6f67696e5f757365725f69647c733a313a2231223b6e616d657c733a353a2261646d696e223b6c6f67696e5f747970657c733a353a2261646d696e223b);

-- --------------------------------------------------------

--
-- Table structure for table `class`
--

CREATE TABLE `class` (
  `class_id` int(11) NOT NULL,
  `name` varchar(11) COLLATE utf8_unicode_ci DEFAULT '',
  `name_numeric` varchar(3) COLLATE utf8_unicode_ci DEFAULT '',
  `teacher_id` int(11) DEFAULT NULL
) ENGINE=InnoDB DEFAULT CHARSET=utf8 COLLATE=utf8_unicode_ci;

--
-- Dumping data for table `class`
--

INSERT INTO `class` (`class_id`, `name`, `name_numeric`, `teacher_id`) VALUES
(1, 'fifth', '5', 1);

-- --------------------------------------------------------

--
-- Table structure for table `class_routine`
--

CREATE TABLE `class_routine` (
  `class_routine_id` int(11) NOT NULL,
  `class_id` int(11) DEFAULT NULL,
  `section_id` int(11) DEFAULT NULL,
  `subject_id` int(11) DEFAULT NULL,
  `time_start` int(11) DEFAULT NULL,
  `time_end` int(11) DEFAULT NULL,
  `time_start_min` int(11) DEFAULT NULL,
  `time_end_min` int(11) DEFAULT NULL,
  `day` longtext COLLATE utf8_unicode_ci,
  `year` longtext COLLATE utf8_unicode_ci
) ENGINE=InnoDB DEFAULT CHARSET=utf8 COLLATE=utf8_unicode_ci;

-- --------------------------------------------------------

--
-- Table structure for table `document`
--

CREATE TABLE `document` (
  `document_id` int(11) NOT NULL,
  `title` longtext COLLATE utf8_unicode_ci,
  `description` longtext COLLATE utf8_unicode_ci,
  `file_name` longtext COLLATE utf8_unicode_ci,
  `file_type` longtext COLLATE utf8_unicode_ci,
  `class_id` longtext COLLATE utf8_unicode_ci,
  `teacher_id` int(11) DEFAULT NULL,
  `timestamp` longtext COLLATE utf8_unicode_ci,
  `subject_id` int(11) DEFAULT NULL
) ENGINE=MyISAM DEFAULT CHARSET=utf8 COLLATE=utf8_unicode_ci;

--
-- Dumping data for table `document`
--

INSERT INTO `document` (`document_id`, `title`, `description`, `file_name`, `file_type`, `class_id`, `teacher_id`, `timestamp`, `subject_id`) VALUES
(1, 'ndjdg', '', 'string.c', 'doc', '1', 1, '1619460000', 1);

-- --------------------------------------------------------

--
-- Table structure for table `dormitory`
--

CREATE TABLE `dormitory` (
  `dormitory_id` int(11) NOT NULL,
  `name` longtext COLLATE utf8_unicode_ci,
  `number_of_room` longtext COLLATE utf8_unicode_ci,
  `description` longtext COLLATE utf8_unicode_ci
) ENGINE=MyISAM DEFAULT CHARSET=utf8 COLLATE=utf8_unicode_ci;

-- --------------------------------------------------------

--
-- Table structure for table `enroll`
--

CREATE TABLE `enroll` (
  `enroll_id` int(11) NOT NULL,
  `enroll_code` longtext COLLATE utf8_unicode_ci,
  `student_id` int(11) DEFAULT NULL,
  `class_id` int(11) DEFAULT NULL,
  `section_id` int(11) DEFAULT NULL,
  `roll` int(11) DEFAULT NULL,
  `date_added` longtext COLLATE utf8_unicode_ci,
  `year` longtext COLLATE utf8_unicode_ci
) ENGINE=InnoDB DEFAULT CHARSET=utf8 COLLATE=utf8_unicode_ci;

--
-- Dumping data for table `enroll`
--

INSERT INTO `enroll` (`enroll_id`, `enroll_code`, `student_id`, `class_id`, `section_id`, `roll`, `date_added`, `year`) VALUES
(1, '9a76994', 1, 1, 1, NULL, '1619502882', '2020-2021'),
(2, '24d6730', 2, 1, 1, NULL, '1619581482', '2020-2021');

-- --------------------------------------------------------

--
-- Table structure for table `exam`
--

CREATE TABLE `exam` (
  `exam_id` int(11) NOT NULL,
  `name` longtext COLLATE utf8_unicode_ci,
  `date` longtext COLLATE utf8_unicode_ci,
  `year` longtext COLLATE utf8_unicode_ci,
  `comment` longtext COLLATE utf8_unicode_ci
) ENGINE=InnoDB DEFAULT CHARSET=utf8 COLLATE=utf8_unicode_ci;

--
-- Dumping data for table `exam`
--

INSERT INTO `exam` (`exam_id`, `name`, `date`, `year`, `comment`) VALUES
(1, 'unit test 1', '04/29/2021', '2020-2021', NULL);

-- --------------------------------------------------------

--
-- Table structure for table `expense_category`
--

CREATE TABLE `expense_category` (
  `expense_category_id` int(11) NOT NULL,
  `name` longtext COLLATE utf8_unicode_ci
) ENGINE=InnoDB DEFAULT CHARSET=utf8 COLLATE=utf8_unicode_ci;

-- --------------------------------------------------------

--
-- Table structure for table `frontend_events`
--

CREATE TABLE `frontend_events` (
  `frontend_events_id` int(11) NOT NULL,
  `title` text,
  `timestamp` int(11) DEFAULT NULL,
  `status` int(11) NOT NULL DEFAULT '0'
) ENGINE=InnoDB DEFAULT CHARSET=utf8;

-- --------------------------------------------------------

--
-- Table structure for table `frontend_gallery`
--

CREATE TABLE `frontend_gallery` (
  `frontend_gallery_id` int(11) NOT NULL,
  `title` text,
  `description` longtext,
  `date_added` int(11) DEFAULT NULL,
  `image` text,
  `show_on_website` int(11) NOT NULL DEFAULT '0'
) ENGINE=InnoDB DEFAULT CHARSET=utf8;

-- --------------------------------------------------------

--
-- Table structure for table `frontend_gallery_image`
--

CREATE TABLE `frontend_gallery_image` (
  `frontend_gallery_image_id` int(11) NOT NULL,
  `frontend_gallery_id` int(11) DEFAULT NULL,
  `title` text,
  `image` text
) ENGINE=InnoDB DEFAULT CHARSET=utf8;

-- --------------------------------------------------------

--
-- Table structure for table `frontend_general_settings`
--

CREATE TABLE `frontend_general_settings` (
  `frontend_general_settings_id` int(11) NOT NULL,
  `type` varchar(255) DEFAULT NULL,
  `description` longtext
) ENGINE=InnoDB DEFAULT CHARSET=utf8;

--
-- Dumping data for table `frontend_general_settings`
--

INSERT INTO `frontend_general_settings` (`frontend_general_settings_id`, `type`, `description`) VALUES
(1, 'about_us', ''),
(2, 'terms_conditions', ''),
(3, 'privacy_policy', ''),
(4, 'social_links', '[{\"facebook\":\"http://facebook.com\",\"twitter\":\"http://twitter.com\",\"linkedin\":\"http://linkedin.com\",\"google\":\"http://google.com\",\"youtube\":\"http://youtube.com\",\"instagram\":\"http://instagram.com\"}]'),
(5, 'school_title', ''),
(6, 'school_logo', ''),
(7, 'school_location', '51.7548164,-1.2565555'),
(8, 'address', ''),
(9, 'phone', ''),
(10, 'email', ''),
(11, 'fax', ''),
(12, 'header_logo', ''),
(13, 'footer_logo', ''),
(14, 'copyright_text', ''),
(15, 'about_us_image', 'about_us.png'),
(16, 'slider_images', '[{\"title\":\"We rock the big stage\",\"description\":\"There are many variations of passages of Lorem Ipsum available, but the majority have suffered alteration in some form, by injected \",\"image\":\"1.jpg\"},{\"title\":\"Making this the first true generator on the Internet\",\"description\":\"There are many variations of passages of Lorem Ipsum available, but the majority have suffered alteration in some form, by injected \",\"image\":\"2.jpg\"},{\"title\":\"There are many variations of passages of Lorem Ipsum\",\"description\":\"There are many variations of passages of Lorem Ipsum available, but the majority have suffered alteration in some form, by injected \",\"image\":\"3.jpg\"}]'),
(17, 'theme', 'ultimate'),
(18, 'homepage_note_title', ''),
(19, 'homepage_note_description', ''),
(20, 'recaptcha_site_key', NULL);

-- --------------------------------------------------------

--
-- Table structure for table `frontend_news`
--

CREATE TABLE `frontend_news` (
  `frontend_news_id` int(11) NOT NULL,
  `title` text COLLATE utf8_unicode_ci,
  `description` longtext COLLATE utf8_unicode_ci,
  `date_added` int(11) DEFAULT NULL,
  `image` text COLLATE utf8_unicode_ci
) ENGINE=InnoDB DEFAULT CHARSET=utf8 COLLATE=utf8_unicode_ci;

-- --------------------------------------------------------

--
-- Table structure for table `grade`
--

CREATE TABLE `grade` (
  `grade_id` int(11) NOT NULL,
  `name` longtext COLLATE utf8_unicode_ci,
  `grade_point` longtext COLLATE utf8_unicode_ci,
  `mark_from` int(11) DEFAULT NULL,
  `mark_upto` int(11) DEFAULT NULL,
  `comment` longtext COLLATE utf8_unicode_ci
) ENGINE=InnoDB DEFAULT CHARSET=utf8 COLLATE=utf8_unicode_ci;

-- --------------------------------------------------------

--
-- Table structure for table `group_message`
--

CREATE TABLE `group_message` (
  `group_message_id` int(11) NOT NULL,
  `group_message_thread_code` longtext COLLATE utf8_unicode_ci,
  `sender` longtext COLLATE utf8_unicode_ci,
  `message` longtext COLLATE utf8_unicode_ci,
  `timestamp` longtext COLLATE utf8_unicode_ci,
  `read_status` int(11) DEFAULT NULL,
  `attached_file_name` longtext COLLATE utf8_unicode_ci
) ENGINE=InnoDB DEFAULT CHARSET=utf8 COLLATE=utf8_unicode_ci;

-- --------------------------------------------------------

--
-- Table structure for table `group_message_thread`
--

CREATE TABLE `group_message_thread` (
  `group_message_thread_id` int(11) NOT NULL,
  `group_message_thread_code` longtext COLLATE utf8_unicode_ci,
  `members` longtext COLLATE utf8_unicode_ci,
  `group_name` longtext COLLATE utf8_unicode_ci,
  `last_message_timestamp` longtext COLLATE utf8_unicode_ci,
  `created_timestamp` longtext COLLATE utf8_unicode_ci
) ENGINE=InnoDB DEFAULT CHARSET=utf8 COLLATE=utf8_unicode_ci;

-- --------------------------------------------------------

--
-- Table structure for table `invoice`
--

CREATE TABLE `invoice` (
  `invoice_id` int(11) NOT NULL,
  `student_id` int(11) DEFAULT NULL,
  `title` longtext COLLATE utf8_unicode_ci,
  `description` longtext COLLATE utf8_unicode_ci,
  `amount` int(11) DEFAULT NULL,
  `amount_paid` longtext COLLATE utf8_unicode_ci,
  `due` longtext COLLATE utf8_unicode_ci,
  `creation_timestamp` int(11) DEFAULT NULL,
  `payment_timestamp` longtext COLLATE utf8_unicode_ci,
  `payment_method` longtext COLLATE utf8_unicode_ci,
  `payment_details` longtext COLLATE utf8_unicode_ci,
  `status` longtext COLLATE utf8_unicode_ci,
  `year` longtext COLLATE utf8_unicode_ci
) ENGINE=MyISAM DEFAULT CHARSET=utf8 COLLATE=utf8_unicode_ci;

-- --------------------------------------------------------

--
-- Table structure for table `language`
--

CREATE TABLE `language` (
  `id` int(11) NOT NULL,
  `english` varchar(255) COLLATE utf8_unicode_ci NOT NULL,
  `bangali` varchar(255) COLLATE utf8_unicode_ci NOT NULL
) ENGINE=InnoDB DEFAULT CHARSET=utf8 COLLATE=utf8_unicode_ci;

-- --------------------------------------------------------

--
-- Table structure for table `librarian`
--

CREATE TABLE `librarian` (
  `librarian_id` int(11) NOT NULL,
  `name` longtext COLLATE utf8_unicode_ci,
  `email` longtext COLLATE utf8_unicode_ci,
  `password` longtext COLLATE utf8_unicode_ci
) ENGINE=InnoDB DEFAULT CHARSET=utf8 COLLATE=utf8_unicode_ci;

--
-- Dumping data for table `librarian`
--

INSERT INTO `librarian` (`librarian_id`, `name`, `email`, `password`) VALUES
(1, 'Harish S', 'harish@gmail.com', '1e0da6a45da77e29c9f4018c9ddf82f670de2a01');

-- --------------------------------------------------------

--
-- Table structure for table `mark`
--

CREATE TABLE `mark` (
  `mark_id` int(11) NOT NULL,
  `student_id` int(11) DEFAULT NULL,
  `subject_id` int(11) DEFAULT NULL,
  `class_id` int(11) DEFAULT NULL,
  `section_id` int(11) DEFAULT NULL,
  `exam_id` int(11) DEFAULT NULL,
  `mark_obtained` int(11) DEFAULT NULL,
  `mark_total` int(11) DEFAULT NULL,
  `comment` longtext COLLATE utf8_unicode_ci,
  `year` longtext COLLATE utf8_unicode_ci
) ENGINE=InnoDB DEFAULT CHARSET=utf8 COLLATE=utf8_unicode_ci;

--
-- Dumping data for table `mark`
--

INSERT INTO `mark` (`mark_id`, `student_id`, `subject_id`, `class_id`, `section_id`, `exam_id`, `mark_obtained`, `mark_total`, `comment`, `year`) VALUES
(1, 1, 1, 1, 1, 1, NULL, NULL, NULL, '2020-2021'),
(2, 2, 1, 1, 1, 1, NULL, NULL, NULL, '2020-2021');

-- --------------------------------------------------------

--
-- Table structure for table `message`
--

CREATE TABLE `message` (
  `message_id` int(11) NOT NULL,
  `message_thread_code` longtext CHARACTER SET utf8 COLLATE utf8_unicode_ci,
  `message` longtext CHARACTER SET utf8 COLLATE utf8_unicode_ci,
  `sender` longtext CHARACTER SET utf8 COLLATE utf8_unicode_ci,
  `timestamp` longtext CHARACTER SET utf8 COLLATE utf8_unicode_ci,
  `read_status` int(11) DEFAULT NULL,
  `attached_file_name` longtext CHARACTER SET utf8 COLLATE utf8_unicode_ci
) ENGINE=MyISAM DEFAULT CHARSET=latin1;

--
-- Dumping data for table `message`
--

INSERT INTO `message` (`message_id`, `message_thread_code`, `message`, `sender`, `timestamp`, `read_status`, `attached_file_name`) VALUES
(1, 'c50957e20b94cce', 'Uploaded', 'teacher-1', '1619532623', NULL, NULL);

-- --------------------------------------------------------

--
-- Table structure for table `message_thread`
--

CREATE TABLE `message_thread` (
  `message_thread_id` int(11) NOT NULL,
  `message_thread_code` longtext COLLATE utf8_unicode_ci,
  `sender` longtext COLLATE utf8_unicode_ci,
  `reciever` longtext COLLATE utf8_unicode_ci,
  `last_message_timestamp` longtext COLLATE utf8_unicode_ci
) ENGINE=InnoDB DEFAULT CHARSET=utf8 COLLATE=utf8_unicode_ci;

--
-- Dumping data for table `message_thread`
--

INSERT INTO `message_thread` (`message_thread_id`, `message_thread_code`, `sender`, `reciever`, `last_message_timestamp`) VALUES
(1, 'c50957e20b94cce', 'teacher-1', 'admin-1', NULL);

-- --------------------------------------------------------

--
-- Table structure for table `noticeboard`
--

CREATE TABLE `noticeboard` (
  `notice_id` int(11) NOT NULL,
  `notice_title` longtext COLLATE utf8_unicode_ci,
  `notice` longtext COLLATE utf8_unicode_ci,
  `create_timestamp` longtext COLLATE utf8_unicode_ci,
  `status` int(11) DEFAULT '1',
  `show_on_website` int(11) DEFAULT '0',
  `image` text COLLATE utf8_unicode_ci
) ENGINE=MyISAM DEFAULT CHARSET=utf8 COLLATE=utf8_unicode_ci;

-- --------------------------------------------------------

--
-- Table structure for table `online_exam`
--

CREATE TABLE `online_exam` (
  `online_exam_id` int(11) UNSIGNED NOT NULL,
  `code` varchar(255) COLLATE utf8_unicode_ci DEFAULT '',
  `title` text COLLATE utf8_unicode_ci,
  `class_id` int(11) DEFAULT NULL,
  `section_id` int(11) DEFAULT NULL,
  `subject_id` int(11) DEFAULT NULL,
  `exam_date` int(11) DEFAULT NULL,
  `time_start` varchar(255) COLLATE utf8_unicode_ci DEFAULT NULL,
  `time_end` varchar(255) COLLATE utf8_unicode_ci DEFAULT NULL,
  `duration` text COLLATE utf8_unicode_ci COMMENT 'duration in second',
  `minimum_percentage` text COLLATE utf8_unicode_ci,
  `instruction` longtext COLLATE utf8_unicode_ci,
  `status` varchar(255) COLLATE utf8_unicode_ci DEFAULT 'pending',
  `running_year` varchar(255) COLLATE utf8_unicode_ci DEFAULT ''
) ENGINE=InnoDB DEFAULT CHARSET=utf8 COLLATE=utf8_unicode_ci;

-- --------------------------------------------------------

--
-- Table structure for table `online_exam_result`
--

CREATE TABLE `online_exam_result` (
  `online_exam_result_id` int(11) UNSIGNED NOT NULL,
  `online_exam_id` int(11) DEFAULT NULL,
  `student_id` int(11) DEFAULT NULL,
  `answer_script` longtext COLLATE utf8_unicode_ci,
  `obtained_mark` text COLLATE utf8_unicode_ci,
  `status` text COLLATE utf8_unicode_ci,
  `exam_started_timestamp` longtext COLLATE utf8_unicode_ci,
  `result` text COLLATE utf8_unicode_ci
) ENGINE=InnoDB DEFAULT CHARSET=utf8 COLLATE=utf8_unicode_ci;

-- --------------------------------------------------------

--
-- Table structure for table `parent`
--

CREATE TABLE `parent` (
  `parent_id` int(11) NOT NULL,
  `name` longtext COLLATE utf8_unicode_ci,
  `email` longtext COLLATE utf8_unicode_ci,
  `password` longtext COLLATE utf8_unicode_ci,
  `phone` longtext COLLATE utf8_unicode_ci,
  `address` longtext COLLATE utf8_unicode_ci,
  `profession` longtext COLLATE utf8_unicode_ci,
  `authentication_key` longtext COLLATE utf8_unicode_ci
) ENGINE=MyISAM DEFAULT CHARSET=utf8 COLLATE=utf8_unicode_ci;

--
-- Dumping data for table `parent`
--

INSERT INTO `parent` (`parent_id`, `name`, `email`, `password`, `phone`, `address`, `profession`, `authentication_key`) VALUES
(1, 'Mohan V', 'mohan@gmail.com', 'e266e10848043b3a2d2e07d220dc7b6cd72d6ba1', '9874561258', 'mumbai', 'manager', NULL),
(2, 'narshima', 'narshima@gmail.com', '7c4a8d09ca3762af61e59520943dc26494f8941b', '9876543210', 'sircilla', 'business', NULL);

-- --------------------------------------------------------

--
-- Table structure for table `payment`
--

CREATE TABLE `payment` (
  `payment_id` int(11) NOT NULL,
  `expense_category_id` int(11) DEFAULT NULL,
  `title` longtext COLLATE utf8_unicode_ci,
  `payment_type` longtext COLLATE utf8_unicode_ci,
  `invoice_id` int(11) DEFAULT NULL,
  `student_id` int(11) DEFAULT NULL,
  `method` longtext COLLATE utf8_unicode_ci,
  `description` longtext COLLATE utf8_unicode_ci,
  `amount` longtext COLLATE utf8_unicode_ci,
  `timestamp` longtext COLLATE utf8_unicode_ci,
  `year` longtext COLLATE utf8_unicode_ci
) ENGINE=MyISAM DEFAULT CHARSET=utf8 COLLATE=utf8_unicode_ci;

-- --------------------------------------------------------

--
-- Table structure for table `question_bank`
--

CREATE TABLE `question_bank` (
  `question_bank_id` int(11) UNSIGNED NOT NULL,
  `online_exam_id` int(11) DEFAULT NULL,
  `question_title` longtext COLLATE utf8_unicode_ci,
  `type` varchar(255) COLLATE utf8_unicode_ci DEFAULT NULL,
  `number_of_options` int(11) DEFAULT NULL,
  `options` longtext COLLATE utf8_unicode_ci,
  `correct_answers` longtext COLLATE utf8_unicode_ci,
  `mark` varchar(255) COLLATE utf8_unicode_ci DEFAULT NULL
) ENGINE=InnoDB DEFAULT CHARSET=utf8 COLLATE=utf8_unicode_ci;

-- --------------------------------------------------------

--
-- Table structure for table `question_paper`
--

CREATE TABLE `question_paper` (
  `question_paper_id` int(11) NOT NULL,
  `title` longtext COLLATE utf8_unicode_ci,
  `question_paper` longtext COLLATE utf8_unicode_ci,
  `class_id` int(11) DEFAULT NULL,
  `exam_id` int(11) DEFAULT NULL,
  `teacher_id` int(11) DEFAULT NULL
) ENGINE=InnoDB DEFAULT CHARSET=utf8 COLLATE=utf8_unicode_ci;

-- --------------------------------------------------------

--
-- Table structure for table `section`
--

CREATE TABLE `section` (
  `section_id` int(11) NOT NULL,
  `name` longtext COLLATE utf8_unicode_ci,
  `nick_name` longtext COLLATE utf8_unicode_ci,
  `class_id` int(11) DEFAULT NULL,
  `teacher_id` int(11) DEFAULT NULL
) ENGINE=InnoDB DEFAULT CHARSET=utf8 COLLATE=utf8_unicode_ci;

--
-- Dumping data for table `section`
--

INSERT INTO `section` (`section_id`, `name`, `nick_name`, `class_id`, `teacher_id`) VALUES
(1, 'A', NULL, 1, 1);

-- --------------------------------------------------------

--
-- Table structure for table `settings`
--

CREATE TABLE `settings` (
  `settings_id` int(11) NOT NULL,
  `type` longtext,
  `description` longtext
) ENGINE=MyISAM DEFAULT CHARSET=latin1;

--
-- Dumping data for table `settings`
--

INSERT INTO `settings` (`settings_id`, `type`, `description`) VALUES
(1, 'system_name', 'School Management'),
(2, 'system_title', 'joy of learning'),
(3, 'address', 'Address'),
(4, 'phone', '9876543210'),
(5, 'paypal_email', NULL),
(6, 'currency', 'INR'),
(7, 'system_email', 'admin@gmail.com'),
(20, 'active_sms_service', 'disabled'),
(11, 'language', 'english'),
(12, 'text_align', 'left-to-right'),
(13, 'clickatell_user', ''),
(14, 'clickatell_password', ''),
(15, 'clickatell_api_id', ''),
(16, 'skin_colour', 'default'),
(17, 'twilio_account_sid', ''),
(18, 'twilio_auth_token', ''),
(19, 'twilio_sender_phone_number', ''),
(21, 'running_year', '2020-2021'),
(22, 'payumoney_merchant_key', 'sad'),
(23, 'payumoney_salt_id', 'asd'),
(24, 'msg91_authentication_key', NULL),
(25, 'msg91_sender_ID', NULL),
(26, 'msg91_route', NULL),
(27, 'msg91_country_code', NULL),
(28, 'purchase_code', 'Valid'),
(29, 'paypal', '[{\"active\":\"1\",\"mode\":\"sandbox\",\"sandbox_client_id\":\"AZDxjDScFpQtjWTOUtWKbyN_bDt4OgqaF4eYXlewfBP4-8aqX3PiV8e1GWU6liB2CUXlkA59kJXE7M6R\",\"production_client_id\":\"SomeId\"}]'),
(30, 'stripe_keys', '[{\"active\":\"0\",\"testmode\":\"on\",\"public_key\":\"pk_test_c6VvBEbwHFdulFZ62q1IQrar\",\"secret_key\":\"sk_test_9IMkiM6Ykxr1LCe2dJ3PgaxS\",\"public_live_key\":\"pk_live_xxxxxxxxxxxxxxxxxxxxxxxx\",\"secret_live_key\":\"sk_live_xxxxxxxxxxxxxxxxxxxxxxxx\"}]'),
(31, 'disable_frontend', '0'),
(32, 'protocol', 'smtp'),
(33, 'smtp_host', 'ssl://smtp.googlemail.com'),
(34, 'smtp_port', '465'),
(35, 'smtp_user', ''),
(36, 'smtp_pass', '');

-- --------------------------------------------------------

--
-- Table structure for table `student`
--

CREATE TABLE `student` (
  `student_id` int(11) NOT NULL,
  `student_code` longtext COLLATE utf8_unicode_ci,
  `name` longtext COLLATE utf8_unicode_ci,
  `birthday` longtext COLLATE utf8_unicode_ci,
  `sex` longtext COLLATE utf8_unicode_ci,
  `religion` longtext COLLATE utf8_unicode_ci,
  `blood_group` longtext COLLATE utf8_unicode_ci,
  `address` longtext COLLATE utf8_unicode_ci,
  `phone` longtext COLLATE utf8_unicode_ci,
  `email` longtext COLLATE utf8_unicode_ci,
  `password` longtext COLLATE utf8_unicode_ci,
  `parent_id` int(11) DEFAULT NULL,
  `dormitory_id` int(11) DEFAULT NULL,
  `transport_id` int(11) DEFAULT NULL,
  `dormitory_room_number` longtext COLLATE utf8_unicode_ci,
  `authentication_key` longtext COLLATE utf8_unicode_ci
) ENGINE=InnoDB DEFAULT CHARSET=utf8 COLLATE=utf8_unicode_ci;

--
-- Dumping data for table `student`
--

INSERT INTO `student` (`student_id`, `student_code`, `name`, `birthday`, `sex`, `religion`, `blood_group`, `address`, `phone`, `email`, `password`, `parent_id`, `dormitory_id`, `transport_id`, `dormitory_room_number`, `authentication_key`) VALUES
(1, '01', 'Preethu P', '01/28/2020', 'female', NULL, NULL, 'mumbai', '9638527412', 'preethuhp@gmail.com', '68c1bf739f65ee605724661a6e9dcbbb6ca57c53', 1, NULL, NULL, NULL, NULL),
(2, '2', 'nitya', NULL, 'female', NULL, NULL, 'Sircilla ', '9866774849', 'srinitya@gmail.com', '7c4a8d09ca3762af61e59520943dc26494f8941b', 2, NULL, NULL, NULL, NULL);

-- --------------------------------------------------------

--
-- Table structure for table `subject`
--

CREATE TABLE `subject` (
  `subject_id` int(11) NOT NULL,
  `name` longtext COLLATE utf8_unicode_ci,
  `class_id` int(11) DEFAULT NULL,
  `teacher_id` int(11) DEFAULT NULL,
  `year` longtext COLLATE utf8_unicode_ci
) ENGINE=InnoDB DEFAULT CHARSET=utf8 COLLATE=utf8_unicode_ci;

--
-- Dumping data for table `subject`
--

INSERT INTO `subject` (`subject_id`, `name`, `class_id`, `teacher_id`, `year`) VALUES
(1, 'Telugu', 1, 1, '2020-2021'),
(2, 'English', 1, 1, '2020-2021');

-- --------------------------------------------------------

--
-- Table structure for table `teacher`
--

CREATE TABLE `teacher` (
  `teacher_id` int(11) NOT NULL,
  `name` longtext COLLATE utf8_unicode_ci,
  `birthday` longtext COLLATE utf8_unicode_ci,
  `sex` longtext COLLATE utf8_unicode_ci,
  `religion` longtext COLLATE utf8_unicode_ci,
  `blood_group` longtext COLLATE utf8_unicode_ci,
  `address` longtext COLLATE utf8_unicode_ci,
  `phone` longtext COLLATE utf8_unicode_ci,
  `email` longtext COLLATE utf8_unicode_ci,
  `password` longtext COLLATE utf8_unicode_ci,
  `authentication_key` longtext COLLATE utf8_unicode_ci,
  `designation` varchar(255) COLLATE utf8_unicode_ci DEFAULT NULL,
  `social_links` text COLLATE utf8_unicode_ci,
  `about` longtext COLLATE utf8_unicode_ci,
  `show_on_website` int(11) DEFAULT '0'
) ENGINE=InnoDB DEFAULT CHARSET=utf8 COLLATE=utf8_unicode_ci;

--
-- Dumping data for table `teacher`
--

INSERT INTO `teacher` (`teacher_id`, `name`, `birthday`, `sex`, `religion`, `blood_group`, `address`, `phone`, `email`, `password`, `authentication_key`, `designation`, `social_links`, `about`, `show_on_website`) VALUES
(1, 'shruthi', '06/10/1980', 'female', NULL, NULL, 'mysore', '6547891334', 'shruthi@gmail.com', 'b4ad4f020e17579b98e32ae8b5801e259bb79e60', NULL, 'Teacher', '[{\"facebook\":\"\",\"twitter\":\"\",\"linkedin\":\"\"}]', 'good in mathemetics', 0);

-- --------------------------------------------------------

--
-- Table structure for table `transport`
--

CREATE TABLE `transport` (
  `transport_id` int(11) NOT NULL,
  `route_name` longtext COLLATE utf8_unicode_ci,
  `number_of_vehicle` longtext COLLATE utf8_unicode_ci,
  `description` longtext COLLATE utf8_unicode_ci,
  `route_fare` longtext COLLATE utf8_unicode_ci
) ENGINE=MyISAM DEFAULT CHARSET=utf8 COLLATE=utf8_unicode_ci;

--
-- Indexes for dumped tables
--

--
-- Indexes for table `academic_syllabus`
--
ALTER TABLE `academic_syllabus`
  ADD PRIMARY KEY (`academic_syllabus_id`);

--
-- Indexes for table `accountant`
--
ALTER TABLE `accountant`
  ADD PRIMARY KEY (`accountant_id`);

--
-- Indexes for table `admin`
--
ALTER TABLE `admin`
  ADD PRIMARY KEY (`admin_id`);

--
-- Indexes for table `attendance`
--
ALTER TABLE `attendance`
  ADD PRIMARY KEY (`attendance_id`);

--
-- Indexes for table `book`
--
ALTER TABLE `book`
  ADD PRIMARY KEY (`book_id`);

--
-- Indexes for table `book_request`
--
ALTER TABLE `book_request`
  ADD PRIMARY KEY (`book_request_id`);

--
-- Indexes for table `ci_sessions`
--
ALTER TABLE `ci_sessions`
  ADD PRIMARY KEY (`id`),
  ADD KEY `ci_sessions_timestamp` (`timestamp`);

--
-- Indexes for table `class`
--
ALTER TABLE `class`
  ADD PRIMARY KEY (`class_id`);

--
-- Indexes for table `class_routine`
--
ALTER TABLE `class_routine`
  ADD PRIMARY KEY (`class_routine_id`);

--
-- Indexes for table `document`
--
ALTER TABLE `document`
  ADD PRIMARY KEY (`document_id`);

--
-- Indexes for table `dormitory`
--
ALTER TABLE `dormitory`
  ADD PRIMARY KEY (`dormitory_id`);

--
-- Indexes for table `enroll`
--
ALTER TABLE `enroll`
  ADD PRIMARY KEY (`enroll_id`);

--
-- Indexes for table `exam`
--
ALTER TABLE `exam`
  ADD PRIMARY KEY (`exam_id`);

--
-- Indexes for table `expense_category`
--
ALTER TABLE `expense_category`
  ADD PRIMARY KEY (`expense_category_id`);

--
-- Indexes for table `frontend_events`
--
ALTER TABLE `frontend_events`
  ADD PRIMARY KEY (`frontend_events_id`);

--
-- Indexes for table `frontend_gallery`
--
ALTER TABLE `frontend_gallery`
  ADD PRIMARY KEY (`frontend_gallery_id`);

--
-- Indexes for table `frontend_gallery_image`
--
ALTER TABLE `frontend_gallery_image`
  ADD PRIMARY KEY (`frontend_gallery_image_id`);

--
-- Indexes for table `frontend_general_settings`
--
ALTER TABLE `frontend_general_settings`
  ADD PRIMARY KEY (`frontend_general_settings_id`);

--
-- Indexes for table `frontend_news`
--
ALTER TABLE `frontend_news`
  ADD PRIMARY KEY (`frontend_news_id`);

--
-- Indexes for table `grade`
--
ALTER TABLE `grade`
  ADD PRIMARY KEY (`grade_id`);

--
-- Indexes for table `group_message`
--
ALTER TABLE `group_message`
  ADD PRIMARY KEY (`group_message_id`);

--
-- Indexes for table `group_message_thread`
--
ALTER TABLE `group_message_thread`
  ADD PRIMARY KEY (`group_message_thread_id`);

--
-- Indexes for table `invoice`
--
ALTER TABLE `invoice`
  ADD PRIMARY KEY (`invoice_id`);

--
-- Indexes for table `librarian`
--
ALTER TABLE `librarian`
  ADD PRIMARY KEY (`librarian_id`);

--
-- Indexes for table `mark`
--
ALTER TABLE `mark`
  ADD PRIMARY KEY (`mark_id`);

--
-- Indexes for table `message`
--
ALTER TABLE `message`
  ADD PRIMARY KEY (`message_id`);

--
-- Indexes for table `message_thread`
--
ALTER TABLE `message_thread`
  ADD PRIMARY KEY (`message_thread_id`);

--
-- Indexes for table `noticeboard`
--
ALTER TABLE `noticeboard`
  ADD PRIMARY KEY (`notice_id`);

--
-- Indexes for table `online_exam`
--
ALTER TABLE `online_exam`
  ADD PRIMARY KEY (`online_exam_id`);

--
-- Indexes for table `online_exam_result`
--
ALTER TABLE `online_exam_result`
  ADD PRIMARY KEY (`online_exam_result_id`);

--
-- Indexes for table `parent`
--
ALTER TABLE `parent`
  ADD PRIMARY KEY (`parent_id`);

--
-- Indexes for table `payment`
--
ALTER TABLE `payment`
  ADD PRIMARY KEY (`payment_id`);

--
-- Indexes for table `question_bank`
--
ALTER TABLE `question_bank`
  ADD PRIMARY KEY (`question_bank_id`);

--
-- Indexes for table `question_paper`
--
ALTER TABLE `question_paper`
  ADD PRIMARY KEY (`question_paper_id`);

--
-- Indexes for table `section`
--
ALTER TABLE `section`
  ADD PRIMARY KEY (`section_id`);

--
-- Indexes for table `settings`
--
ALTER TABLE `settings`
  ADD PRIMARY KEY (`settings_id`);

--
-- Indexes for table `student`
--
ALTER TABLE `student`
  ADD PRIMARY KEY (`student_id`);

--
-- Indexes for table `subject`
--
ALTER TABLE `subject`
  ADD PRIMARY KEY (`subject_id`);

--
-- Indexes for table `teacher`
--
ALTER TABLE `teacher`
  ADD PRIMARY KEY (`teacher_id`);

--
-- Indexes for table `transport`
--
ALTER TABLE `transport`
  ADD PRIMARY KEY (`transport_id`);

--
-- AUTO_INCREMENT for dumped tables
--

--
-- AUTO_INCREMENT for table `academic_syllabus`
--
ALTER TABLE `academic_syllabus`
  MODIFY `academic_syllabus_id` int(11) NOT NULL AUTO_INCREMENT;

--
-- AUTO_INCREMENT for table `accountant`
--
ALTER TABLE `accountant`
  MODIFY `accountant_id` int(11) NOT NULL AUTO_INCREMENT, AUTO_INCREMENT=2;

--
-- AUTO_INCREMENT for table `admin`
--
ALTER TABLE `admin`
  MODIFY `admin_id` int(11) NOT NULL AUTO_INCREMENT, AUTO_INCREMENT=2;

--
-- AUTO_INCREMENT for table `attendance`
--
ALTER TABLE `attendance`
  MODIFY `attendance_id` int(11) NOT NULL AUTO_INCREMENT, AUTO_INCREMENT=3;

--
-- AUTO_INCREMENT for table `book`
--
ALTER TABLE `book`
  MODIFY `book_id` int(11) NOT NULL AUTO_INCREMENT;

--
-- AUTO_INCREMENT for table `book_request`
--
ALTER TABLE `book_request`
  MODIFY `book_request_id` int(11) NOT NULL AUTO_INCREMENT;

--
-- AUTO_INCREMENT for table `class`
--
ALTER TABLE `class`
  MODIFY `class_id` int(11) NOT NULL AUTO_INCREMENT, AUTO_INCREMENT=2;

--
-- AUTO_INCREMENT for table `class_routine`
--
ALTER TABLE `class_routine`
  MODIFY `class_routine_id` int(11) NOT NULL AUTO_INCREMENT;

--
-- AUTO_INCREMENT for table `document`
--
ALTER TABLE `document`
  MODIFY `document_id` int(11) NOT NULL AUTO_INCREMENT, AUTO_INCREMENT=2;

--
-- AUTO_INCREMENT for table `dormitory`
--
ALTER TABLE `dormitory`
  MODIFY `dormitory_id` int(11) NOT NULL AUTO_INCREMENT;

--
-- AUTO_INCREMENT for table `enroll`
--
ALTER TABLE `enroll`
  MODIFY `enroll_id` int(11) NOT NULL AUTO_INCREMENT, AUTO_INCREMENT=3;

--
-- AUTO_INCREMENT for table `exam`
--
ALTER TABLE `exam`
  MODIFY `exam_id` int(11) NOT NULL AUTO_INCREMENT, AUTO_INCREMENT=2;

--
-- AUTO_INCREMENT for table `expense_category`
--
ALTER TABLE `expense_category`
  MODIFY `expense_category_id` int(11) NOT NULL AUTO_INCREMENT;

--
-- AUTO_INCREMENT for table `frontend_events`
--
ALTER TABLE `frontend_events`
  MODIFY `frontend_events_id` int(11) NOT NULL AUTO_INCREMENT;

--
-- AUTO_INCREMENT for table `frontend_gallery`
--
ALTER TABLE `frontend_gallery`
  MODIFY `frontend_gallery_id` int(11) NOT NULL AUTO_INCREMENT;

--
-- AUTO_INCREMENT for table `frontend_gallery_image`
--
ALTER TABLE `frontend_gallery_image`
  MODIFY `frontend_gallery_image_id` int(11) NOT NULL AUTO_INCREMENT;

--
-- AUTO_INCREMENT for table `frontend_general_settings`
--
ALTER TABLE `frontend_general_settings`
  MODIFY `frontend_general_settings_id` int(11) NOT NULL AUTO_INCREMENT, AUTO_INCREMENT=21;

--
-- AUTO_INCREMENT for table `frontend_news`
--
ALTER TABLE `frontend_news`
  MODIFY `frontend_news_id` int(11) NOT NULL AUTO_INCREMENT;

--
-- AUTO_INCREMENT for table `grade`
--
ALTER TABLE `grade`
  MODIFY `grade_id` int(11) NOT NULL AUTO_INCREMENT;

--
-- AUTO_INCREMENT for table `group_message`
--
ALTER TABLE `group_message`
  MODIFY `group_message_id` int(11) NOT NULL AUTO_INCREMENT;

--
-- AUTO_INCREMENT for table `group_message_thread`
--
ALTER TABLE `group_message_thread`
  MODIFY `group_message_thread_id` int(11) NOT NULL AUTO_INCREMENT;

--
-- AUTO_INCREMENT for table `invoice`
--
ALTER TABLE `invoice`
  MODIFY `invoice_id` int(11) NOT NULL AUTO_INCREMENT;

--
-- AUTO_INCREMENT for table `librarian`
--
ALTER TABLE `librarian`
  MODIFY `librarian_id` int(11) NOT NULL AUTO_INCREMENT, AUTO_INCREMENT=2;

--
-- AUTO_INCREMENT for table `mark`
--
ALTER TABLE `mark`
  MODIFY `mark_id` int(11) NOT NULL AUTO_INCREMENT, AUTO_INCREMENT=3;

--
-- AUTO_INCREMENT for table `message`
--
ALTER TABLE `message`
  MODIFY `message_id` int(11) NOT NULL AUTO_INCREMENT, AUTO_INCREMENT=2;

--
-- AUTO_INCREMENT for table `message_thread`
--
ALTER TABLE `message_thread`
  MODIFY `message_thread_id` int(11) NOT NULL AUTO_INCREMENT, AUTO_INCREMENT=2;

--
-- AUTO_INCREMENT for table `noticeboard`
--
ALTER TABLE `noticeboard`
  MODIFY `notice_id` int(11) NOT NULL AUTO_INCREMENT;

--
-- AUTO_INCREMENT for table `online_exam`
--
ALTER TABLE `online_exam`
  MODIFY `online_exam_id` int(11) UNSIGNED NOT NULL AUTO_INCREMENT;

--
-- AUTO_INCREMENT for table `online_exam_result`
--
ALTER TABLE `online_exam_result`
  MODIFY `online_exam_result_id` int(11) UNSIGNED NOT NULL AUTO_INCREMENT;

--
-- AUTO_INCREMENT for table `parent`
--
ALTER TABLE `parent`
  MODIFY `parent_id` int(11) NOT NULL AUTO_INCREMENT, AUTO_INCREMENT=3;

--
-- AUTO_INCREMENT for table `payment`
--
ALTER TABLE `payment`
  MODIFY `payment_id` int(11) NOT NULL AUTO_INCREMENT;

--
-- AUTO_INCREMENT for table `question_bank`
--
ALTER TABLE `question_bank`
  MODIFY `question_bank_id` int(11) UNSIGNED NOT NULL AUTO_INCREMENT;

--
-- AUTO_INCREMENT for table `question_paper`
--
ALTER TABLE `question_paper`
  MODIFY `question_paper_id` int(11) NOT NULL AUTO_INCREMENT;

--
-- AUTO_INCREMENT for table `section`
--
ALTER TABLE `section`
  MODIFY `section_id` int(11) NOT NULL AUTO_INCREMENT, AUTO_INCREMENT=2;

--
-- AUTO_INCREMENT for table `settings`
--
ALTER TABLE `settings`
  MODIFY `settings_id` int(11) NOT NULL AUTO_INCREMENT, AUTO_INCREMENT=37;

--
-- AUTO_INCREMENT for table `student`
--
ALTER TABLE `student`
  MODIFY `student_id` int(11) NOT NULL AUTO_INCREMENT, AUTO_INCREMENT=3;

--
-- AUTO_INCREMENT for table `subject`
--
ALTER TABLE `subject`
  MODIFY `subject_id` int(11) NOT NULL AUTO_INCREMENT, AUTO_INCREMENT=3;

--
-- AUTO_INCREMENT for table `teacher`
--
ALTER TABLE `teacher`
  MODIFY `teacher_id` int(11) NOT NULL AUTO_INCREMENT, AUTO_INCREMENT=2;

--
-- AUTO_INCREMENT for table `transport`
--
ALTER TABLE `transport`
  MODIFY `transport_id` int(11) NOT NULL AUTO_INCREMENT;
COMMIT;

/*!40101 SET CHARACTER_SET_CLIENT=@OLD_CHARACTER_SET_CLIENT */;
/*!40101 SET CHARACTER_SET_RESULTS=@OLD_CHARACTER_SET_RESULTS */;
/*!40101 SET COLLATION_CONNECTION=@OLD_COLLATION_CONNECTION */;
